<?xml version="1.0" encoding="utf-8"?>
<ApplicationInstallerManifest>
   <DefaultInstallationDirectory>/Applications/Universität_Bayreuth/ProfileSelection/</DefaultInstallationDirectory>
   <ApplicationName>ProfileSelection</ApplicationName>
   <ExecutableName>application/ProfileSelection.exe</ExecutableName>
   <GUID>9c2039d9-d565-4638-9cf3-00b1933bf8d6</GUID>
   <ApplicationIcon>default_icon_48.png</ApplicationIcon>
   <Logo>default_logo.png</Logo>
   <Version>0.2</Version>
   <InstallationNotes>In the following directions, replace MR/R2022b by the directory on the target machine where MATLAB is installed, or MR by the directory where the MATLAB Runtime is installed.

If the environment variable DYLD_LIBRARY_PATH is undefined, set it to the following string:

MR/R2022b/runtime/maci64:MR/R2022b/sys/os/maci64:MR/R2022b/bin/maci64

If it is defined, set it to the following:

${DYLD_LIBRARY_PATH}:MR/R2022b/runtime/maci64:MR/R2022b/sys/os/maci64:MR/R2022b/bin/maci64
</InstallationNotes>
   <AuthorOrganization>Universität Bayreuth</AuthorOrganization>
   <WelcomePanelText>ProfileSelection 0.2
Marcel Thielmann
marcel.thielmann@uni-bayreuth.de</WelcomePanelText>
   <MCRProducts>
      <MCRProduct>
         <ExternalProductIdentifier>35002</ExternalProductIdentifier>
      </MCRProduct>
      <MCRProduct>
         <ExternalProductIdentifier>35003</ExternalProductIdentifier>
      </MCRProduct>
      <MCRProduct>
         <ExternalProductIdentifier>35010</ExternalProductIdentifier>
      </MCRProduct>
      <MCRProduct>
         <ExternalProductIdentifier>35111</ExternalProductIdentifier>
      </MCRProduct>
   </MCRProducts>
</ApplicationInstallerManifest>