<?xml version="1.0" encoding="utf-8"?>
<productAdditionalComps>
   <dependsOn>
      <component>
         <name>ProfileSelection</name>
         <locale/>
         <platformList>
            <platform>maci64</platform>
         </platformList>
         <version>0.2</version>
      </component>
   </dependsOn>
   <isControllingProduct>true</isControllingProduct>
   <platform>maci64</platform>
   <productName>ProfileSelection</productName>
   <productNumber>5000</productNumber>
   <productBaseCode>ProfileSelection</productBaseCode>
   <productVersion>0.2</productVersion>
   <releaseFamily>R2022b</releaseFamily>
   <releaseDescription>R2022b</releaseDescription>
</productAdditionalComps>